"test","statistic","df","p_value","estimate","conf_low","conf_high","mean_group0","mean_group1"
"H1_ChiSquare",6.38521923353384,1,0.0115074547044045,NA,NA,NA,NA,NA
"H1_FisherExact",NA,NA,0.0125724480314879,0.220295302147723,0.039515066040782,0.817191979228983,NA,NA
"H2_WelchTTest",-0.95370612609874,19.7639335253504,0.351752223291663,NA,-13.1497100065812,4.90251899534522,10,14.123595505618
"H2_WilcoxonRankSum",1015.5,NA,0.0104718949843341,NA,NA,NA,NA,NA
